<?xml version="1.0" encoding="UTF-8"?>
<project-private xmlns="http://www.netbeans.org/ns/project-private/1">
    <editor-bookmarks xmlns="http://www.netbeans.org/ns/editor-bookmarks/2" lastBookmarkId="0"/>
    <open-files xmlns="http://www.netbeans.org/ns/projectui-open-files/2">
        <group>
            <file>file:/E:/ProyectoProgramacion/FinalProyect/FinalProyect/src/Vista/CarnetView.java</file>
            <file>file:/E:/ProyectoProgramacion/FinalProyect/FinalProyect/src/Modelo/CarnetModel.java</file>
            <file>file:/E:/ProyectoProgramacion/FinalProyect/FinalProyect/src/Controlador/CarnetController.java</file>
            <file>file:/E:/ProyectoProgramacion/FinalProyect/FinalProyect/src/Controlador/Main.java</file>
            <file>file:/E:/ProyectoProgramacion/FinalProyect/FinalProyect/src/Modelo/ProgramaEstudio.java</file>
            <file>file:/E:/ProyectoProgramacion/FinalProyect/FinalProyect/src/Modelo/Errores.java</file>
            <file>file:/E:/ProyectoProgramacion/FinalProyect/FinalProyect/src/ManejodeErrores/ErrorManager.java</file>
            <file>file:/E:/ProyectoProgramacion/FinalProyect/FinalProyect/src/Modelo/Carnet.java</file>
        </group>
    </open-files>
</project-private>
